[
  {
    "username": "Lahiru Rashmika",
    "comment": "This is a great web-app full of resources for my AL journey"
  },
  {
    "username": "Dumindu Dilshan",
    "comment": "This web helps me a lot with some useful resources. highly recommended for AL students"
  },
  {
    "username": "Olivia",
    "comment": "Thanks a lot for providing these helpful resources"
  },
  {
    "username": "Rivith Githsara",
    "comment": "These past papers helped me a lot for my A/L exam. \nThank you Amarasooriya Technology Society .💥"
  },
  {
    "username": "Sandalu",
    "comment": "This website very useful for our education"
  }
]